Code,Name,Color,ImageUrl
"=HYPERLINK(""https://eu.store.bambulab.com/products/pla-basic-filament?variant=593611223076515843"";""10100"")",PLA Basic,Jade White,https://store.bblcdn.eu/s8/default/2b4a62ed4c044e8f9353a6ca8f93caea/White.jpg
"=HYPERLINK(""https://eu.store.bambulab.com/products/pla-basic-filament?variant=593611223076515844"";""10201"")",PLA Basic,Beige,https://store.bblcdn.eu/s8/default/e1860649e4074090a480646e0c58a7bb/Beige.jpg
"=HYPERLINK(""https://eu.store.bambulab.com/products/pla-basic-filament?variant=593611223076515845"";""10104"")",PLA Basic,Light Gray,https://store.bblcdn.eu/s8/default/b4f66db9ca704f19b120ccccd0f41a85/plalightgray.jpg
"=HYPERLINK(""https://eu.store.bambulab.com/products/pla-basic-filament?variant=593611223076515846"";""10400"")",PLA Basic,Yellow,https://store.bblcdn.eu/s8/default/9e551c519d954245b5ac7f779f99441d/Yellow.jpg
"=HYPERLINK(""https://eu.store.bambulab.com/products/pla-basic-filament?variant=593611223076515847"";""10402"")",PLA Basic,Sunflower Yellow,https://store.bblcdn.eu/s8/default/1d4c7a172193440882b37ac54252563a/SunflowerYellow.jpg
"=HYPERLINK(""https://eu.store.bambulab.com/products/pla-basic-filament?variant=593611223076515848"";""10401"")",PLA Basic,Gold,https://store.bblcdn.eu/s8/default/2bf6b62353f04971b9d272c890f10840/Gold.jpg
"=HYPERLINK(""https://eu.store.bambulab.com/products/pla-basic-filament?variant=593611223076515849"";""10301"")",PLA Basic,Pumpkin Orange,https://store.bblcdn.eu/s8/default/4793a9395b764dd598fbfa13544ddeb9/PumpkinOrange.jpg
"=HYPERLINK(""https://eu.store.bambulab.com/products/pla-basic-filament?variant=593611223076515850"";""10300"")",PLA Basic,Orange,https://store.bblcdn.eu/s8/default/de761aa5234d4fd8b05176edcaad3ee4/Orange.jpg
"=HYPERLINK(""https://eu.store.bambulab.com/products/pla-basic-filament?variant=593611223076515851"";""10503"")",PLA Basic,Bright Green,https://store.bblcdn.eu/s8/default/f142f0aca7d54dcb9da3d30d7beb2185/BrightGreen.jpg
"=HYPERLINK(""https://eu.store.bambulab.com/products/pla-basic-filament?variant=593611223076515852"";""10501"")",PLA Basic,Bambu Green,https://store.bblcdn.eu/s8/default/fd09b20d185a4f8896fe72aafd07451b/Bambu_Green.jpg
"=HYPERLINK(""https://eu.store.bambulab.com/products/pla-basic-filament?variant=593611223076515853"";""10502"")",PLA Basic,Mistletoe Green,https://store.bblcdn.eu/s8/default/386da0a9267b40a997ace0bacae58839/2df013fd41a034aa180c1c5f641ef9c4.png
"=HYPERLINK(""https://eu.store.bambulab.com/products/pla-basic-filament?variant=593611223076515854"";""10203"")",PLA Basic,Pink,https://store.bblcdn.eu/s8/default/acf1cd31f7ad49a7b444b78d18508200/Pink.jpg
"=HYPERLINK(""https://eu.store.bambulab.com/products/pla-basic-filament?variant=593611223076515855"";""10204"")",PLA Basic,Hot Pink,https://store.bblcdn.eu/s8/default/085592ec366e4a15b19e19fd5a1dd154/HotPink.jpg
"=HYPERLINK(""https://eu.store.bambulab.com/products/pla-basic-filament?variant=593611223076515856"";""10202"")",PLA Basic,Magenta,https://store.bblcdn.eu/s8/default/2bad4609e2544c669ae463f360b9b1ea/Magenta.jpg
"=HYPERLINK(""https://eu.store.bambulab.com/products/pla-basic-filament?variant=593611223076515857"";""10200"")",PLA Basic,Red,https://store.bblcdn.eu/s8/default/3b9beb37cd6d4a83bdfe61c28175c385/Red.jpg
"=HYPERLINK(""https://eu.store.bambulab.com/products/pla-basic-filament?variant=593611223076515858"";""10205"")",PLA Basic,Maroon Red,https://store.bblcdn.eu/s8/default/067bad6d241a4bc088b6acb1c87d4edb/MaroonRed.jpg
"=HYPERLINK(""https://eu.store.bambulab.com/products/pla-basic-filament?variant=593611223076515859"";""10700"")",PLA Basic,Purple,https://store.bblcdn.eu/s8/default/7297bc043a904b6b9e72f7eaed6215ec/PLAPurple.jpg
"=HYPERLINK(""https://eu.store.bambulab.com/products/pla-basic-filament?variant=593611223076515860"";""10701"")",PLA Basic,Indigo Purple,https://store.bblcdn.eu/s8/default/49d16b8778a54cdfb1ece6027487f4b0/IndigoPurple.jpg
"=HYPERLINK(""https://eu.store.bambulab.com/products/pla-basic-filament?variant=593611223076515861"";""10605"")",PLA Basic,Turquoise,https://store.bblcdn.eu/s8/default/92f6058fa6114720b4c14864a11fe8d8/Turquoise.jpg
"=HYPERLINK(""https://eu.store.bambulab.com/products/pla-basic-filament?variant=593611223076515862"";""10603"")",PLA Basic,Cyan,https://store.bblcdn.eu/s8/default/11446178685f4cce88b141b4609121da/CMYK-Cyan-1_e332b67e-db4e-4f11-b05e-196bcf7dcad7.png
"=HYPERLINK(""https://eu.store.bambulab.com/products/pla-basic-filament?variant=593611223076515863"";""10604"")",PLA Basic,Cobalt Blue,https://store.bblcdn.eu/s8/default/9c64998b2097410abc07497a02198b36/CobaltBlue.jpg
"=HYPERLINK(""https://eu.store.bambulab.com/products/pla-basic-filament?variant=593611223076515864"";""10601"")",PLA Basic,Blue,https://store.bblcdn.eu/s8/default/23003aff1408442baa3476e1a1344e56/PLABasicBlue.jpg
"=HYPERLINK(""https://eu.store.bambulab.com/products/pla-basic-filament?variant=593611223076515865"";""10800"")",PLA Basic,Brown,https://store.bblcdn.eu/s8/default/24aa6a9d2aa8494b9d59eeb2fe49b7b5/PLA-Basic_Brown.png
"=HYPERLINK(""https://eu.store.bambulab.com/products/pla-basic-filament?variant=593611223076515866"";""10802"")",PLA Basic,Cocoa Brown,https://store.bblcdn.eu/s8/default/8a0656cc198c466a9c9f8e747f59a96a/CocoaBrown.jpg
"=HYPERLINK(""https://eu.store.bambulab.com/products/pla-basic-filament?variant=593611223076515867"";""10801"")",PLA Basic,Bronze,https://store.bblcdn.eu/s8/default/a410256b4aa944fc89efde75c7e3b8fc/Bronze.jpg
"=HYPERLINK(""https://eu.store.bambulab.com/products/pla-basic-filament?variant=593611223076515868"";""10103"")",PLA Basic,Gray,https://store.bblcdn.eu/s8/default/bc18c49304864e3d8ffc75db5ab099b7/PLA-Basic_Gray.png
"=HYPERLINK(""https://eu.store.bambulab.com/products/pla-basic-filament?variant=593611223076515869"";""10102"")",PLA Basic,Silver,https://store.bblcdn.eu/s8/default/42a0b1bbd3004a6ab6df82dfffbdef3e/Sliver.jpg
"=HYPERLINK(""https://eu.store.bambulab.com/products/pla-basic-filament?variant=593611223076515870"";""10602"")",PLA Basic,Blue Grey,https://store.bblcdn.eu/s8/default/10342fcd8f9845739098817b95f1750f/PLA-Basic_Blue-Gray.png
"=HYPERLINK(""https://eu.store.bambulab.com/products/pla-basic-filament?variant=593611223076515871"";""10105"")",PLA Basic,Dark Gray,https://store.bblcdn.eu/s8/default/cd692f8d8f94446bbbe7ed7cbf04622b/pla_basic_dark_gray.jpg
"=HYPERLINK(""https://eu.store.bambulab.com/products/pla-basic-filament?variant=593611223076515872"";""10101"")",PLA Basic,Black,https://store.bblcdn.eu/s8/default/19633c57e2d446428e4c8401619c6ffb/PLA-Basic_Black_29c482c8-ccd6-4559-bf2b-058f7d0d798f.png
"=HYPERLINK(""https://eu.store.bambulab.com/products/pla-matte?variant=593612471288803331"";""11100"")",PLA Matte,Matte Ivory White,https://store.bblcdn.eu/s8/default/7021f0243b4948b88c27db7028831dac/Matte-Ivory-White-.png
"=HYPERLINK(""https://eu.store.bambulab.com/products/pla-matte?variant=593612471288803348"";""11103"")",PLA Matte,Matte Bone White,https://store.bblcdn.eu/s8/default/af6a90b958ac4ad980f3c32bab4dcfd5/7_890c24b1-12ea-47e1-908a-c8c8afb2b48c.jpg
"=HYPERLINK(""https://eu.store.bambulab.com/products/pla-matte?variant=593612471288803335"";""11400"")",PLA Matte,Matte Lemon Yellow,https://store.bblcdn.eu/s8/default/5d308d9e41084f1b9d187805082f484a/Matte-Lemon-Yellow.png
"=HYPERLINK(""https://eu.store.bambulab.com/products/pla-matte?variant=593612471288803336"";""11300"")",PLA Matte,Matte Mandarin Orange,https://store.bblcdn.eu/s8/default/4be28c77bb1a4a9fa49a74786d8b80ba/Matte-Mandarin-Orange.png
"=HYPERLINK(""https://eu.store.bambulab.com/products/pla-matte?variant=593612471288803337"";""11201"")",PLA Matte,Matte Sakura Pink,https://store.bblcdn.eu/s8/default/f2c77bec37594472b2d2b65466b92e22/Matte-Sakura-Pink.png
"=HYPERLINK(""https://eu.store.bambulab.com/products/pla-matte?variant=593612471288803341"";""11700"")",PLA Matte,Matte Lilac purple,https://store.bblcdn.eu/s8/default/32dbf332ec9b47999d9687ecff052974/Matte-Lilac-purple.png
"=HYPERLINK(""https://eu.store.bambulab.com/products/pla-matte?variant=593612471288803349"";""11204"")",PLA Matte,Matte Plum,https://store.bblcdn.eu/s8/default/91fac5c9801748f1b037538efb32e92c/6_f72c2422-d7b7-4097-94a8-5d03ca276299.jpg
"=HYPERLINK(""https://eu.store.bambulab.com/products/pla-matte?variant=593612471288803342"";""11200"")",PLA Matte,Matte Scarlet Red,https://store.bblcdn.eu/s8/default/fed38804b21d463eb250aeb152a28ff5/Matte-Scarlet-Red.png
"=HYPERLINK(""https://eu.store.bambulab.com/products/pla-matte?variant=593612471288803343"";""11202"")",PLA Matte,Matte Dark Red,https://store.bblcdn.eu/s8/default/e6b3a23fbb694a2a9801a4b2e41504a0/Matte-Dark-Red.png
"=HYPERLINK(""https://eu.store.bambulab.com/products/pla-matte?variant=593612471288803351"";""11502"")",PLA Matte,Matte Apple Green,https://store.bblcdn.eu/s8/default/56ee6a4ff72c4d1ea272b154c6a2b28c/2_29663f78-0df7-4382-b6e7-01fc2bacf724.jpg
"=HYPERLINK(""https://eu.store.bambulab.com/products/pla-matte?variant=593612471288803338"";""11500"")",PLA Matte,Matte Grass Green,https://store.bblcdn.eu/s8/default/d34f26d43e53471d895d0fbc2d7c54df/Matte-Grass-Green.png
"=HYPERLINK(""https://eu.store.bambulab.com/products/pla-matte?variant=593612471288803345"";""11501"")",PLA Matte,Matte Dark Green,https://store.bblcdn.eu/s8/default/7d31e4c8ff0e49ac85cfa21d7e3bf3b3/Matte-Dark-Green.png
"=HYPERLINK(""https://eu.store.bambulab.com/products/pla-matte?variant=593612471288803339"";""11601"")",PLA Matte,Matte Ice Blue,https://store.bblcdn.eu/s8/default/9df77f51cd8b4d9999a22d07823c4e1e/Matte-Ice-Blue.png
"=HYPERLINK(""https://eu.store.bambulab.com/products/pla-matte?variant=593612471288803350"";""11603"")",PLA Matte,Matte Sky Blue,https://store.bblcdn.eu/s8/default/2e6a1efc7acb48379d11d44b8a8b2525/4_98e0178d-1490-4ba4-81fb-a696a6a5714a.jpg
"=HYPERLINK(""https://eu.store.bambulab.com/products/pla-matte?variant=593612471288803340"";""11600"")",PLA Matte,Matte Marine Blue,https://store.bblcdn.eu/s8/default/07d4c24b8e6f41c6be3bc35d2275ef2c/Matte-Marine-Blue.png
"=HYPERLINK(""https://eu.store.bambulab.com/products/pla-matte?variant=593612471288803346"";""11602"")",PLA Matte,Matte Dark Blue,https://store.bblcdn.eu/s8/default/744adb541f2740e9a16ca9263b8cea46/Matte-Dark-Blue.png
"=HYPERLINK(""https://eu.store.bambulab.com/products/pla-matte?variant=593612471288803334"";""11401"")",PLA Matte,Matte Desert Tan,https://store.bblcdn.eu/s8/default/5f179cbe8afb429a96180b81a3f2cc45/Matte-Desert-Tan.png
"=HYPERLINK(""https://eu.store.bambulab.com/products/pla-matte?variant=593612471288803332"";""11800"")",PLA Matte,Matte Latte Brown,https://store.bblcdn.eu/s8/default/06f67edf60a341f1a2fbf3276ca2cc86/Matte-Latte-Brown.png
"=HYPERLINK(""https://eu.store.bambulab.com/products/pla-matte?variant=593612471288803353"";""11803"")",PLA Matte,Matte Caramel,https://store.bblcdn.eu/s8/default/1e314f91d87b45d28621087ba57ca22b/8.jpg
"=HYPERLINK(""https://eu.store.bambulab.com/products/pla-matte?variant=593612471288803354"";""11203"")",PLA Matte,Matte Terracotta,https://store.bblcdn.eu/s8/default/010f95a01ce7416c80f25adbeca728c0/5_3f98d7f9-1567-41c1-93eb-af106f8c77a0.jpg
"=HYPERLINK(""https://eu.store.bambulab.com/products/pla-matte?variant=593612471288803344"";""11801"")",PLA Matte,Matte Dark Brown,https://store.bblcdn.eu/s8/default/85c776d7a6154e4ca28979b266ed3621/Matte-Dark-Brown.png
"=HYPERLINK(""https://eu.store.bambulab.com/products/pla-matte?variant=593612471288803352"";""11802"")",PLA Matte,Matte Dark Chocolate,https://store.bblcdn.eu/s8/default/bfaca04755004d64be587e2de5c8f97b/3_aa1c9150-6090-4d99-80eb-94e08e1f0838.jpg
"=HYPERLINK(""https://eu.store.bambulab.com/products/pla-matte?variant=593612471288803333"";""11102"")",PLA Matte,Matte Ash Gray,https://store.bblcdn.eu/s8/default/7cab8bed5a5c4cd3b8fd434274b82093/Matte-Ash-Grey.png
"=HYPERLINK(""https://eu.store.bambulab.com/products/pla-matte?variant=593612471288803355"";""11104"")",PLA Matte,Matte Nardo Gray,https://store.bblcdn.eu/s8/default/e5bc5b447e304021a85fc07ff9016999/1_ea5b7083-7377-4995-bef2-6c066be034b2.jpg
"=HYPERLINK(""https://eu.store.bambulab.com/products/pla-matte?variant=593612471288803347"";""11101"")",PLA Matte,Matte Charcoal,https://store.bblcdn.eu/s8/default/8794ff9de5904712a56d3b37f481d34f/PLA-Matte_Charcoal.png
"=HYPERLINK(""https://eu.store.bambulab.com/products/petg-hf?variant=593615039821852675"";""33200"")",PETG HF,Red,https://store.bblcdn.eu/s8/default/588e1afe37284baaa4ee09fbff15a66d/5_87e53b22-3a47-4e93-adce-7f40106815c0.jpg
"=HYPERLINK(""https://eu.store.bambulab.com/products/petg-hf?variant=593615039821852676"";""33600"")",PETG HF,Blue,https://store.bblcdn.eu/s8/default/7637c3934e3f40948b30588d7a4059a3/PETG_HF_5.jpg
"=HYPERLINK(""https://eu.store.bambulab.com/products/petg-hf?variant=593615039821852677"";""33102"")",PETG HF,Black,https://store.bblcdn.eu/s8/default/d64929ed7cb941f28881cb09d8884251/PETG_HF_6.jpg
"=HYPERLINK(""https://eu.store.bambulab.com/products/petg-hf?variant=593615039821852678"";""33100"")",PETG HF,White,https://store.bblcdn.eu/s8/default/448f49cb7bc14916b7c4d6e5d5909176/PETG_HF_7.jpg
"=HYPERLINK(""https://eu.store.bambulab.com/products/petg-hf?variant=593615039821852679"";""33101"")",PETG HF,Gray,https://store.bblcdn.eu/s8/default/14b742220dee4932889059023e3a429d/PETG_HF_1.jpg
"=HYPERLINK(""https://eu.store.bambulab.com/products/petg-hf?variant=593615039821852680"";""33400"")",PETG HF,Yellow,https://store.bblcdn.eu/s8/default/8aa958fffbe34dc79541a8133818a26f/PETG_HF_2.jpg
"=HYPERLINK(""https://eu.store.bambulab.com/products/petg-hf?variant=593615039821852681"";""33300"")",PETG HF,Orange,https://store.bblcdn.eu/s8/default/073a09348a6a4074b50c43a97e0bfb9f/PETG_HF_4.jpg
"=HYPERLINK(""https://eu.store.bambulab.com/products/petg-hf?variant=593615039821852682"";""33500"")",PETG HF,Green,https://store.bblcdn.eu/s8/default/12c71260748340ae9ed3f3128cd425b1/PETG_HF_3.jpg
"=HYPERLINK(""https://eu.store.bambulab.com/products/petg-hf?variant=593615039821852683"";""33502"")",PETG HF,Forest Green,https://store.bblcdn.eu/s8/default/6d1ea8824a0046a98e7ab3f74b6e4934/PETGHFNEWCOLOR_6.jpg
"=HYPERLINK(""https://eu.store.bambulab.com/products/petg-hf?variant=593615039821852684"";""33801"")",PETG HF,Peanut Brown,https://store.bblcdn.eu/s8/default/cd789e854ab5484ba62127822b54e3b1/PETGHFNEWCOLOR_1.jpg
"=HYPERLINK(""https://eu.store.bambulab.com/products/petg-hf?variant=593615039821852685"";""33103"")",PETG HF,Dark Gray,https://store.bblcdn.eu/s8/default/b87a5da87c90454089767dad2f0ab73c/PETGHFNEWCOLOR_3.jpg
"=HYPERLINK(""https://eu.store.bambulab.com/products/petg-hf?variant=593615039821852686"";""33401"")",PETG HF,Cream,https://store.bblcdn.eu/s8/default/5c3cb65921ca495baf61a85215d67264/PETGHFNEWCOLOR_5.jpg
"=HYPERLINK(""https://eu.store.bambulab.com/products/petg-hf?variant=593615039821852687"";""33501"")",PETG HF,Lime Green,https://store.bblcdn.eu/s8/default/fd6bbfb864ac4510a298939d96558889/PETGHFNEWCOLOR_4.jpg
"=HYPERLINK(""https://eu.store.bambulab.com/products/petg-hf?variant=593615039821852688"";""33601"")",PETG HF,Lake Blue,https://store.bblcdn.eu/s8/default/b42cd9dea946410283ad3faf344e0525/PETGHFNEWCOLOR_2.jpg
"=HYPERLINK(""https://eu.store.bambulab.com/products/pla-silk-upgrade?variant=593616010014699522"";""13108"")",PLA Silk+,Titan Gray,https://store.bblcdn.eu/s8/default/9aaebe748b88497387f3c159307aa5bf/cf2723db072c4371b3606938b8cccdb9.jpg
"=HYPERLINK(""https://eu.store.bambulab.com/products/pla-silk-upgrade?variant=593616010014699523"";""13206"")",PLA Silk+,Rose Gold,https://store.bblcdn.eu/s8/default/bc09443440a541a693ac8e515931f554/PLA_Silk_10.jpg
"=HYPERLINK(""https://eu.store.bambulab.com/products/pla-silk-upgrade?variant=593616010014699524"";""13603"")",PLA Silk+,Baby Blue,https://store.bblcdn.eu/s8/default/69ac130bc20f4e50b4a86e85cda0b419/PLA_Silk_7.jpg
"=HYPERLINK(""https://eu.store.bambulab.com/products/pla-silk-upgrade?variant=593616010014699525"";""13404"")",PLA Silk+,Champagne,https://store.bblcdn.eu/s8/default/0cab659c780744e1b3cdb3c8a10c10e5/PLA_Silk_3.jpg
"=HYPERLINK(""https://eu.store.bambulab.com/products/pla-silk-upgrade?variant=593616010014699526"";""13507"")",PLA Silk+,Mint,https://store.bblcdn.eu/s8/default/7a25fc736bea4d869565cd98794339f8/PLA_Silk_2.jpg
"=HYPERLINK(""https://eu.store.bambulab.com/products/pla-silk-upgrade?variant=593616010014699527"";""13205"")",PLA Silk+,Candy Red,https://store.bblcdn.eu/s8/default/2309fbc5069f4f60bcfaefd2b9514dd0/PLA_Silk_5.jpg
"=HYPERLINK(""https://eu.store.bambulab.com/products/pla-silk-upgrade?variant=593616010014699528"";""13506"")",PLA Silk+,Candy Green,https://store.bblcdn.eu/s8/default/b6cb1b7292214ec0b38afb579d2f5f21/PLA_Silk_12.jpg
"=HYPERLINK(""https://eu.store.bambulab.com/products/pla-silk-upgrade?variant=593616010014699529"";""13604"")",PLA Silk+,Blue,https://store.bblcdn.eu/s8/default/1b8e27cc04554d7ab6e15d6ea9585fd5/PLA_Silk_4.jpg
"=HYPERLINK(""https://eu.store.bambulab.com/products/pla-silk-upgrade?variant=593616010014699530"";""13702"")",PLA Silk+,Purple,https://store.bblcdn.eu/s8/default/6823459945094bcea32116568a00cdf0/PLA_Silk_9.jpg
"=HYPERLINK(""https://eu.store.bambulab.com/products/pla-silk-upgrade?variant=593616010014699531"";""13207"")",PLA Silk+,Pink,https://store.bblcdn.eu/s8/default/ee9c1fa0fb20497081755afe4acb0831/PLA_Silk_1.jpg
"=HYPERLINK(""https://eu.store.bambulab.com/products/pla-silk-upgrade?variant=593616010014699532"";""13110"")",PLA Silk+,White,https://store.bblcdn.eu/s8/default/9f2542f1b7a34d9096655cd8788d2ae5/PLA_Silk_6.jpg
"=HYPERLINK(""https://eu.store.bambulab.com/products/pla-silk-upgrade?variant=593616010014699533"";""13109"")",PLA Silk+,Silver,https://store.bblcdn.eu/s8/default/7d86004d3ab3461cb446f1faa3c4c3e3/PLA_Silk_11.jpg
"=HYPERLINK(""https://eu.store.bambulab.com/products/pla-silk-upgrade?variant=593616010014699534"";""13405"")",PLA Silk+,Gold,https://store.bblcdn.eu/s8/default/a389e82dffba45b7b9729a20afc2a80d/PLA_Silk_8.jpg
"=HYPERLINK(""https://eu.store.bambulab.com/products/pla-translucent?variant=593614166873944066"";""13612"")",PLA Translucent,Teal,https://store.bblcdn.eu/s8/default/18aacd2b879441cd80c2cd067b2ad0a1/teal_4dc29df4-13e2-4c00-9e6a-7dbf9183952a.jpg
"=HYPERLINK(""https://eu.store.bambulab.com/products/pla-translucent?variant=593614166873944067"";""13611"")",PLA Translucent,Blue,https://store.bblcdn.eu/s8/default/897233e480eb42d3bbc03e0bc79eaafd/000878ce6144c05ffac949f66b05a18b_0a1f2a15-2a6c-4e9e-88b1-029f32d29e27.jpg
"=HYPERLINK(""https://eu.store.bambulab.com/products/pla-translucent?variant=593614166873944068"";""13710"")",PLA Translucent,Purple,https://store.bblcdn.eu/s8/default/6a9756a7330f435680a38eddc5f1ef0f/996c0314d3c9f4f6a92e228ed4c8e264_a6207c48-38ce-4034-8302-449a67d23b51.jpg
"=HYPERLINK(""https://eu.store.bambulab.com/products/pla-translucent?variant=593614166873944069"";""13301"")",PLA Translucent,Orange,https://store.bblcdn.eu/s8/default/2c97c8fe53e84d41bb62db185fcb74b4/c8682a1b6d56a22c3b0a59f59bf75cf5_b6dcbcfa-e6f8-41b9-a666-bef24ba52ac7.jpg
"=HYPERLINK(""https://eu.store.bambulab.com/products/pla-translucent?variant=593614166873944070"";""13210"")",PLA Translucent,Red,https://store.bblcdn.eu/s8/default/4af9bce7cfd243e3bae35a822b919987/520f764beb1954cab793b251ed2a5a3f.jpg
"=HYPERLINK(""https://eu.store.bambulab.com/products/pla-translucent?variant=593614166873944071"";""13510"")",PLA Translucent,Light Jade,https://store.bblcdn.eu/s8/default/99b56f8c67834ab285715889859f08bb/e250fdbcaf7669fa3269b6565491cdcc.jpg
"=HYPERLINK(""https://eu.store.bambulab.com/products/pla-translucent?variant=593614166873944072"";""13410"")",PLA Translucent,Mellow Yellow,https://store.bblcdn.eu/s8/default/826a4cff55a543089394ca0feddebbf5/af0454a2a27b7c6259624f48c64717dd.jpg
"=HYPERLINK(""https://eu.store.bambulab.com/products/pla-translucent?variant=593614166873944073"";""13211"")",PLA Translucent,Cherry Pink,https://store.bblcdn.eu/s8/default/2c0543a76f134b47aa85ce53a00c6b0a/b250b32bdc6d015ef107c6c2880ac956.jpg
"=HYPERLINK(""https://eu.store.bambulab.com/products/pla-translucent?variant=593614166873944074"";""13610"")",PLA Translucent,Ice Blue,https://store.bblcdn.eu/s8/default/dc877cda7f2b4bd4b186c54b14900a04/cce64cbc630f968803ae0beb0146a780.jpg
"=HYPERLINK(""https://eu.store.bambulab.com/products/pla-translucent?variant=593614166873944075"";""13711"")",PLA Translucent,Lavender,https://store.bblcdn.eu/s8/default/b09ff5a0de2748a0b57181fc5e568b1e/bc1c912b64c066d06fd795fee51d877b.jpg
"=HYPERLINK(""https://eu.store.bambulab.com/products/petg-translucent?variant=593615911029125123"";""32501"")",PETG Translucent,Translucent Teal,https://store.bblcdn.eu/s8/default/e39842a1bdb243a2bbb809444d83ad94/JP34951_dfb10fec-368d-47a7-8bd8-bb506498a9bd.jpg
"=HYPERLINK(""https://eu.store.bambulab.com/products/petg-translucent?variant=593615911029125124"";""32600"")",PETG Translucent,Translucent Light Blue,https://store.bblcdn.eu/s8/default/79b52c634adb47de830ba113a20ab628/JP34971.jpg
"=HYPERLINK(""https://eu.store.bambulab.com/products/petg-translucent?variant=593615911029125125"";""32101"")",PETG Translucent,Clear,https://store.bblcdn.eu/s8/default/5899d2a1aa444699b27ec132bb980860/3d4408c8738e6ed420e7e514a97a8bf9.png
"=HYPERLINK(""https://eu.store.bambulab.com/products/petg-translucent?variant=593615911029125126"";""32200"")",PETG Translucent,Translucent Pink,https://store.bblcdn.eu/s8/default/27751740714549488541e9ca7966f34b/JP34961.jpg
"=HYPERLINK(""https://eu.store.bambulab.com/products/petg-translucent?variant=593615911029125127"";""32500"")",PETG Translucent,Translucent Olive,https://store.bblcdn.eu/s8/default/b06b4fa130f14282924b9d304282cf12/JP34954.jpg
"=HYPERLINK(""https://eu.store.bambulab.com/products/petg-translucent?variant=593615911029125128"";""32300"")",PETG Translucent,Translucent Orange,https://store.bblcdn.eu/s8/default/e64e61b593ae40fd8b87cd7f9090f164/JP34975.jpg
"=HYPERLINK(""https://eu.store.bambulab.com/products/petg-translucent?variant=593615911029125129"";""32700"")",PETG Translucent,Translucent Purple,https://store.bblcdn.eu/s8/default/5ea62fbbfa36432eab39250ffcfcdc91/JP34969.jpg
"=HYPERLINK(""https://eu.store.bambulab.com/products/petg-translucent?variant=593615911029125130"";""32800"")",PETG Translucent,Translucent Brown,https://store.bblcdn.eu/s8/default/2acc9e4245994c39ba1f2cf138de896c/JP34965.jpg
"=HYPERLINK(""https://eu.store.bambulab.com/products/petg-translucent?variant=593615911029125131"";""32100"")",PETG Translucent,Translucent Gray,https://store.bblcdn.eu/s8/default/1c7d19e5ffc44d0a8a267d98098eb54a/JP34968.jpg
"=HYPERLINK(""https://eu.store.bambulab.com/products/abs-filament?variant=593606671732387843"";""40102"")",ABS,ABS Silver,https://store.bblcdn.eu/s8/default/5d297742b7744e58a742421ec967a0ea/ABSsilver.png
"=HYPERLINK(""https://eu.store.bambulab.com/products/abs-filament?variant=593606671732387844"";""40101"")",ABS,ABS Black,https://store.bblcdn.eu/s8/default/a6d1c0a83d8b46f081d159103411af21/ABS_Black.png
"=HYPERLINK(""https://eu.store.bambulab.com/products/abs-filament?variant=593606671732387845"";""40100"")",ABS,ABS White,https://store.bblcdn.eu/s8/default/36667935a66b47a88f70a6972811d160/ABS_White.png
"=HYPERLINK(""https://eu.store.bambulab.com/products/abs-filament?variant=593606671732387846"";""40200"")",ABS,ABS Red,https://store.bblcdn.eu/s8/default/2efb98b9aa3b4d53a79128e6dd1f846f/ABS_Red.png
"=HYPERLINK(""https://eu.store.bambulab.com/products/abs-filament?variant=593606671732387847"";""40500"")",ABS,ABS Bambu Green,https://store.bblcdn.eu/s8/default/9f9b5ec2240847039bb96666464abf98/ABSbambugreen.png
"=HYPERLINK(""https://eu.store.bambulab.com/products/abs-filament?variant=593606671732387848"";""40300"")",ABS,ABS Orange,https://store.bblcdn.eu/s8/default/e7a9d99123344fb99c40f2ab2b251ca2/ABSorange.png
"=HYPERLINK(""https://eu.store.bambulab.com/products/abs-filament?variant=593606671732387849"";""40602"")",ABS,ABS Navy Blue,https://store.bblcdn.eu/s8/default/669a9881339743389287189f9ac15a38/0be9a584b30358020d8706f2aa8ec9c2.jpg
"=HYPERLINK(""https://eu.store.bambulab.com/products/abs-filament?variant=593606671732387850"";""40402"")",ABS,ABS Tangerine Yellow,https://store.bblcdn.eu/s8/default/3cfc12de46f64f54b2a6426180654abc/7376d19b161f2a93a4051e47289d0505.jpg
"=HYPERLINK(""https://eu.store.bambulab.com/products/abs-filament?variant=593606671732387851"";""40600"")",ABS,ABS Blue,https://store.bblcdn.eu/s8/default/aabac837c5b14da1a0694e8132819d29/ABS_Blue.png
"=HYPERLINK(""https://eu.store.bambulab.com/products/abs-filament?variant=593606671732387852"";""40502"")",ABS,ABS Olive,https://store.bblcdn.eu/s8/default/03af465ddb1f494eb9f706fc15bb431d/80cf6768c03d129dfa6a01ac67a5b402.jpg
"=HYPERLINK(""https://eu.store.bambulab.com/products/abs-filament?variant=593606671732387853"";""40601"")",ABS,ABS Azure,https://store.bblcdn.eu/s8/default/839fefc1f7d54ff085e4a577677ba338/000878ce6144c05ffac949f66b05a18b.jpg
"=HYPERLINK(""https://eu.store.bambulab.com/products/pla-tough-upgrade?variant=624496486489088002"";""12401"")",PLA Tough+,Yellow,https://store.bblcdn.eu/s8/default/76a53975eaab4238ab610612c4efdc5f/PLA_Tough_(3).jpg
"=HYPERLINK(""https://eu.store.bambulab.com/products/pla-tough-upgrade?variant=624496486489088001"";""12107"")",PLA Tough+,White,https://store.bblcdn.eu/s8/default/eeeff48a95b04c5888ee3fddc2d830be/PLA_Tough_new.jpg
"=HYPERLINK(""https://eu.store.bambulab.com/products/pla-tough-upgrade?variant=624496486489088003"";""12301"")",PLA Tough+,Orange,https://store.bblcdn.eu/s8/default/e0c0dacfe71a4e5795d008b8df8995ba/PLA_Tough_(5).jpg
"=HYPERLINK(""https://eu.store.bambulab.com/products/pla-tough-upgrade?variant=624496486489088004"";""12105"")",PLA Tough+,Gray,https://store.bblcdn.eu/s8/default/a88104a53799478db5603f76524d833b/PLA_Tough_(1).jpg
"=HYPERLINK(""https://eu.store.bambulab.com/products/pla-tough-upgrade?variant=624496486489088005"";""12106"")",PLA Tough+,Silver,https://store.bblcdn.eu/s8/default/0107d882ca3b462981680c380ff53370/PLA_Tough_(2).jpg
"=HYPERLINK(""https://eu.store.bambulab.com/products/pla-tough-upgrade?variant=624496486489088006"";""12601"")",PLA Tough+,Cyan,https://store.bblcdn.eu/s8/default/0e011944be0f463da0ab267dc981db97/PLA_Tough_(4).jpg
"=HYPERLINK(""https://eu.store.bambulab.com/products/pla-tough-upgrade?variant=624496486489088007"";""12104"")",PLA Tough+,Black,https://store.bblcdn.eu/s8/default/42bb57e8d1424530be92b0cf8c252fd5/PLA_Tough_(2).jpg
"=HYPERLINK(""https://eu.store.bambulab.com/products/pla-basic-gradient?variant=593613107245953026"";""10907"")",PLA Basic Gradient,Cotton Candy Cloud,https://store.bblcdn.eu/s8/default/9c7b5bb7e49a42749b500490e1cbe948/pink_blue.jpg
"=HYPERLINK(""https://eu.store.bambulab.com/products/pla-basic-gradient?variant=593613107245953027"";""10905"")",PLA Basic Gradient,Blueberry Bubblegum,https://store.bblcdn.eu/s8/default/8cbe36827f244841bbf845016c3c77f5/bluebuble.jpg
"=HYPERLINK(""https://eu.store.bambulab.com/products/pla-basic-gradient?variant=593613107245953028"";""10903"")",PLA Basic Gradient,Pink Citrus,https://store.bblcdn.eu/s8/default/4cb9a6a7f86643dda5aa388628a98368/pink_gradient.jpg
"=HYPERLINK(""https://eu.store.bambulab.com/products/pla-basic-gradient?variant=593613107245953029"";""10904"")",PLA Basic Gradient,Mint Lime,https://store.bblcdn.eu/s8/default/52a397d74f0c44f88163353c99660c2b/gradient_green.jpg
"=HYPERLINK(""https://eu.store.bambulab.com/products/pla-basic-gradient?variant=593613107245953030"";""10906"")",PLA Basic Gradient,Dusk Glare,https://store.bblcdn.eu/s8/default/7700020e85fe47298c8f396a9d3f3ccd/sunset_orange.jpg
"=HYPERLINK(""https://eu.store.bambulab.com/products/pla-basic-gradient?variant=593613107245953031"";""10902"")",PLA Basic Gradient,Ocean to Meadow,https://store.bblcdn.eu/s8/default/74870782d75c442387dd8ba410d57768/A00-M2-1.75-1000-spl.png
"=HYPERLINK(""https://eu.store.bambulab.com/products/pla-basic-gradient?variant=593613107245953032"";""10900"")",PLA Basic Gradient,Arctic Whisper,https://store.bblcdn.eu/s8/default/76512623295144a6ac5a9b535b05f410/5a241ce2f6c79abb9cfe3cb1414f1bf1.png
"=HYPERLINK(""https://eu.store.bambulab.com/products/pla-basic-gradient?variant=593613107245953033"";""10901"")",PLA Basic Gradient,Solar Breeze,https://store.bblcdn.eu/s8/default/6ca8b35ad8e74c01acfffa03aa8ac583/e40cbbf6e7fed96557d8e2be99e4b9cf.png
"=HYPERLINK(""https://eu.store.bambulab.com/products/pla-silk-multi-color?variant=665320335394844673"";""13913"")",PLA Silk Multi-Color,Mystic Magenta,https://store.bblcdn.eu/s8/default/d8c78612d63b43e7ae78a19d760744d0/Mystic_Magenta.jpg
"=HYPERLINK(""https://eu.store.bambulab.com/products/pla-silk-multi-color?variant=665320335394844674"";""13916"")",PLA Silk Multi-Color,Phantom Blue,https://store.bblcdn.eu/s8/default/f3831103953f45998d186d9c048b1b7c/Phantom_Blue.jpg
"=HYPERLINK(""https://eu.store.bambulab.com/products/pla-silk-multi-color?variant=593617577233166338"";""13905"")",PLA Silk Multi-Color,Velvet Eclipse,https://store.bblcdn.eu/s8/default/ef6516ec6ea24e82b48dcf5f74513f19/Silk_Dual_Color_Black-red.jpg
"=HYPERLINK(""https://eu.store.bambulab.com/products/pla-silk-multi-color?variant=593617577233166339"";""13903"")",PLA Silk Multi-Color,Neon City,https://store.bblcdn.eu/s8/default/52f1c273233b4271a83c8571fc7339bb/neoncity.png
"=HYPERLINK(""https://eu.store.bambulab.com/products/pla-silk-multi-color?variant=593617577233166340"";""13902"")",PLA Silk Multi-Color,Midnight Blaze,https://store.bblcdn.eu/s8/default/d765d1c29cd343a5aa0331a15ac4087b/midnightblaze2.png
"=HYPERLINK(""https://eu.store.bambulab.com/products/pla-silk-multi-color?variant=593617577233166341"";""13901"")",PLA Silk Multi-Color,Gilded Rose,https://store.bblcdn.eu/s8/default/2b0dda4a4b4c4de4a1f565f0ea06bb9d/glidedrose.png
"=HYPERLINK(""https://eu.store.bambulab.com/products/pla-silk-multi-color?variant=593617577233166342"";""13904"")",PLA Silk Multi-Color,Blue Hawaii,https://store.bblcdn.eu/s8/default/aeeed331bf0a4a80a9563ea40d795a9e/blueHawaii.png
"=HYPERLINK(""https://eu.store.bambulab.com/products/pla-silk-multi-color?variant=601314264425144321"";""13912"")",PLA Silk Multi-Color,Dawn Radiance,https://store.bblcdn.eu/s8/default/f4c5a0fd47624f1bb4f8a55ab30f70e8/Dawn_Radiance.jpg
"=HYPERLINK(""https://eu.store.bambulab.com/products/pla-silk-multi-color?variant=601314264425144322"";""13909"")",PLA Silk Multi-Color,Aurora Purple,https://store.bblcdn.eu/s8/default/a58bfc024a514af186b3ca6d2df2bcd5/Aurora_Purple_(1).jpg
"=HYPERLINK(""https://eu.store.bambulab.com/products/pla-silk-multi-color?variant=601314264425144323"";""13906"")",PLA Silk Multi-Color,South Beach,https://store.bblcdn.eu/s8/default/416c17ac9f3941e3aec8236380663d63/South_Beach.jpg
"=HYPERLINK(""https://eu.store.bambulab.com/products/pla-wood?variant=593616727618170881"";""13505"")",PLA Wood,Classic Birch,https://store.bblcdn.eu/s8/default/c731fddceeb641a3872e4020a87ab3b2/5_335a103f-01a9-4d9e-90e1-f09e885ea39a.jpg
"=HYPERLINK(""https://eu.store.bambulab.com/products/pla-wood?variant=593616727618170882"";""13107"")",PLA Wood,Black Walnut,https://store.bblcdn.eu/s8/default/11c1ab483b664ebbbfcf7414c1ec0167/4_4f1d41bd-761c-4ac8-bea1-540852b7334d.jpg
"=HYPERLINK(""https://eu.store.bambulab.com/products/pla-wood?variant=593616727618170883"";""13204"")",PLA Wood,Rosewood,https://store.bblcdn.eu/s8/default/4063ef6f2a6f4a6dac964c52500e2240/2_a72cb84b-e92c-4efa-a205-589184265d78.jpg
"=HYPERLINK(""https://eu.store.bambulab.com/products/pla-wood?variant=593616727618170884"";""13801"")",PLA Wood,Clay Brown,https://store.bblcdn.eu/s8/default/1489d45ae40843769bd3b87e74e20c57/3_37397ab4-e4dc-4e75-98f9-b69f78c4b142.jpg
"=HYPERLINK(""https://eu.store.bambulab.com/products/pla-wood?variant=593616727618170885"";""13106"")",PLA Wood,White Oak,https://store.bblcdn.eu/s8/default/07dea71a85974b74bc502abce752c7e1/1_8a574e02-b803-4e36-b895-8bb70529a014.jpg
"=HYPERLINK(""https://eu.store.bambulab.com/products/pla-wood?variant=593616727618170886"";""13403"")",PLA Wood,Ochre Yellow,https://store.bblcdn.eu/s8/default/09a1ea1e6be44bbe924fa427e0f58ac0/6_ef2119c0-2b6b-4853-8812-03e097822ad9.jpg
"=HYPERLINK(""https://eu.store.bambulab.com/products/pla-sparkle?variant=593616038359805954"";""13501"")",PLA Sparkle,Alpine Green Sparkle,https://store.bblcdn.eu/s8/default/7407fc887147448bbbf89189c9539952/Sparklegreen.png
"=HYPERLINK(""https://eu.store.bambulab.com/products/pla-sparkle?variant=593616038359805955"";""13102"")",PLA Sparkle,Slate Gray Sparkle,https://store.bblcdn.eu/s8/default/45c277b6ec624209a2dac7699759f455/PLASparkle-SlateGray.png
"=HYPERLINK(""https://eu.store.bambulab.com/products/pla-sparkle?variant=593616038359805956"";""13700"")",PLA Sparkle,Royal Purple Sparkle,https://store.bblcdn.eu/s8/default/a4ddfc1c1e3b48ccbf577ba931ef577d/PLASparkle-RoyalPurpleSparkle.png
"=HYPERLINK(""https://eu.store.bambulab.com/products/pla-sparkle?variant=593616038359805957"";""13200"")",PLA Sparkle,Crimson Red Sparkle,https://store.bblcdn.eu/s8/default/e4beb26ac3b74c639e2fda465384daa5/PLA-Sparkle_Crimson-Red-Sparkle.png
"=HYPERLINK(""https://eu.store.bambulab.com/products/pla-sparkle?variant=593616038359805958"";""13101"")",PLA Sparkle,Onyx Black Sparkle,https://store.bblcdn.eu/s8/default/723f2663d59148a3a05c55dd4a3f420b/PLA-Sparkle_Onyx-Black-Sparkle.png
"=HYPERLINK(""https://eu.store.bambulab.com/products/pla-sparkle?variant=593616038359805959"";""13402"")",PLA Sparkle,Classic Gold Sparkle,https://store.bblcdn.eu/s8/default/d7c727fe674e4a0a99dd774c707476b3/sparklegold.png
"=HYPERLINK(""https://eu.store.bambulab.com/products/pla-marble?variant=593612421770850306"";""13201"")",PLA Marble,Red Granite,https://store.bblcdn.eu/s8/default/403434f58f2e4ba8a72159a24315dd2b/A07-R5-1.75-1000-spl.jpg
"=HYPERLINK(""https://eu.store.bambulab.com/products/pla-marble?variant=593612421770850307"";""13103"")",PLA Marble,White Marble,https://store.bblcdn.eu/s8/default/4e0e917163c74709bf7e3cc60cbef832/PLA-Marble_White.png
"=HYPERLINK(""https://eu.store.bambulab.com/products/pla-metal?variant=593615986438516738"";""13600"")",PLA Metal,Cobalt Blue Metallic,https://store.bblcdn.eu/s8/default/a8cb6b37d9d8430b88743d1784093c1a/A02-B2-1.75-1000-spl.png
"=HYPERLINK(""https://eu.store.bambulab.com/products/pla-metal?variant=593615986438516739"";""13500"")",PLA Metal,Oxide Green Metallic,https://store.bblcdn.eu/s8/default/592d0afef1d1417f908e99181ad94db4/PLA-Metal_Oxide-Green-Metallic.png
"=HYPERLINK(""https://eu.store.bambulab.com/products/pla-metal?variant=593615986438516740"";""13400"")",PLA Metal,Iridium Gold Metallic,https://store.bblcdn.eu/s8/default/03f995ce7cb24c15a0b026076988dc1f/PLA-Metal_Iridium-Gold-Metallic.png
"=HYPERLINK(""https://eu.store.bambulab.com/products/pla-metal?variant=593615986438516741"";""13800"")",PLA Metal,Copper Brown Metallic,https://store.bblcdn.eu/s8/default/6d9d1a6196324ee5ac96fc3ddf84ae81/PLAMetalcopperbrown.png
"=HYPERLINK(""https://eu.store.bambulab.com/products/pla-metal?variant=593615986438516742"";""13100"")",PLA Metal,Iron Gray Metallic,https://store.bblcdn.eu/s8/default/81177d39a94244df8e6f2807a687fc20/PLAMetalIrongray.png
"=HYPERLINK(""https://eu.store.bambulab.com/products/pla-galaxy?variant=593612414334349314"";""13602"")",PLA Galaxy,Purple,https://store.bblcdn.eu/s8/default/5a46d227df6e4ed4bbe44dd87d31d069/purle.jpg
"=HYPERLINK(""https://eu.store.bambulab.com/products/pla-galaxy?variant=593612414334349315"";""13503"")",PLA Galaxy,Green,https://store.bblcdn.eu/s8/default/86d2f24a74004fe1846ea41d71223759/green.jpg
"=HYPERLINK(""https://eu.store.bambulab.com/products/pla-galaxy?variant=593612414334349316"";""13504"")",PLA Galaxy,Nebulae,https://store.bblcdn.eu/s8/default/7453a99a8c4f42058c3aa3dab3ca312b/Nublae.jpg
"=HYPERLINK(""https://eu.store.bambulab.com/products/pla-galaxy?variant=593612414334349317"";""13203"")",PLA Galaxy,Brown,https://store.bblcdn.eu/s8/default/36a829ff274341bfbb567dbce64b2f8b/brown.jpg
"=HYPERLINK(""https://eu.store.bambulab.com/products/pla-glow?variant=593611508473737218"";""15300"")",PLA Glow,Glow Orange,https://store.bblcdn.eu/s8/default/043e37328a0a4b428546f3c3b135221e/e40cbbf6e7fed96557d8e2be99e4b9cf_874f9392-3fe3-4c65-87cc-91b158674eb3.png
"=HYPERLINK(""https://eu.store.bambulab.com/products/pla-glow?variant=593611508473737219"";""15400"")",PLA Glow,Glow Yellow,https://store.bblcdn.eu/s8/default/853cbec5ed3a42869b1b4b071e0ec808/6fdaecdc33b9371fb7c326d4bd52932b.png
"=HYPERLINK(""https://eu.store.bambulab.com/products/pla-glow?variant=593611508473737220"";""15500"")",PLA Glow,Glow Green,https://store.bblcdn.eu/s8/default/4cffb4e77bab4384b32fc327a60bc1f2/4fefbcd44633bcd5e4f4663eafb78c3c_cb3f9dbb-235b-4e7d-83ab-6cbecb7aa5bf.png
"=HYPERLINK(""https://eu.store.bambulab.com/products/pla-glow?variant=593611508473737221"";""15200"")",PLA Glow,Glow Pink,https://store.bblcdn.eu/s8/default/6b2bccd25c894f88b9ef2ca7ca0da760/5d4ad98b7e6fd7642323ef49163d8697_0f3e6424-4115-4337-952a-bedfc997a747.png
"=HYPERLINK(""https://eu.store.bambulab.com/products/pla-glow?variant=593611508473737222"";""15600"")",PLA Glow,Glow Blue,https://store.bblcdn.eu/s8/default/0af6c7922e664861b88232425e2fd31a/697ef5c2066bf49f4df46a227b1a93c1_7e4c0733-bbcc-4258-9a3f-7d178fb91191.png
"=HYPERLINK(""https://eu.store.bambulab.com/products/pla-aero?variant=593613993984733186"";""14102"")",PLA Aero,White,https://store.bblcdn.eu/s8/default/c2e94607bb684af49bcaa25ec9dac8da/AERO_bc503e27-6fed-4b8e-a505-342f6050dc27.png
"=HYPERLINK(""https://eu.store.bambulab.com/products/pla-aero?variant=593613993984733187"";""14104"")",PLA Aero,Gray,https://store.bblcdn.eu/s8/default/8e976f811e3c4a7c8b01d8f2938bedbb/Aero_1.png
"=HYPERLINK(""https://eu.store.bambulab.com/products/tpu-for-ams?variant=593614704399167490"";""53600"")",TPU for AMS,Blue,https://store.bblcdn.eu/s8/default/5b848554718b444faa29355ce6f54264/d4fb1dd751904e1ea09d142c68d7ec36.jpg
"=HYPERLINK(""https://eu.store.bambulab.com/products/tpu-for-ams?variant=593614704399167491"";""53102"")",TPU for AMS,Gray,https://store.bblcdn.eu/s8/default/d18b6d8931dc4602b1b677aa5aeb471e/1_5375ac46-09e0-4b5e-b708-89c44a7ac151.jpg
"=HYPERLINK(""https://eu.store.bambulab.com/products/tpu-for-ams?variant=593614704399167492"";""53101"")",TPU for AMS,Black,https://store.bblcdn.eu/s8/default/652b55d597184e208bda6486d980c2cf/7.jpg
"=HYPERLINK(""https://eu.store.bambulab.com/products/tpu-for-ams?variant=593614704399167493"";""53400"")",TPU for AMS,Yellow,https://store.bblcdn.eu/s8/default/740f8480479e49f88878d05e691911ea/3_ceb63b89-77a8-4055-a4fa-5aad0dda7d0e.jpg
"=HYPERLINK(""https://eu.store.bambulab.com/products/tpu-for-ams?variant=593614704399167494"";""53200"")",TPU for AMS,Red,https://store.bblcdn.eu/s8/default/5217dfae130240cd80db7251b68f71a3/2_907c4fb7-2389-4459-9751-ee8dbcf01b1d.jpg
"=HYPERLINK(""https://eu.store.bambulab.com/products/tpu-for-ams?variant=593614704399167495"";""53500"")",TPU for AMS,Neon Green,https://store.bblcdn.eu/s8/default/20aaaeb3e69a4c3092a3ccbddc365306/5_edbdfcc8-87bc-446a-ac5d-0693f01cb177.jpg
"=HYPERLINK(""https://eu.store.bambulab.com/products/tpu-for-ams?variant=593614704399167496"";""53100"")",TPU for AMS,White,https://store.bblcdn.eu/s8/default/380ce7dfc6f14932ad964b8028adf14f/4_74fce0cf-2101-4222-8582-53a2ed58dad4.jpg
"=HYPERLINK(""https://eu.store.bambulab.com/products/tpu-95a-hf?variant=593616967859515394"";""51102"")",TPU 95A HF,White,https://store.bblcdn.eu/s8/default/59379e6c40124c21bc7dd55245fb1ebe/TPUHF_1.png
"=HYPERLINK(""https://eu.store.bambulab.com/products/tpu-95a-hf?variant=593616967859515395"";""51101"")",TPU 95A HF,Gray,https://store.bblcdn.eu/s8/default/50233816f71d475dae5b3df8d6d4a530/TPUHF_5.png
"=HYPERLINK(""https://eu.store.bambulab.com/products/tpu-95a-hf?variant=593616967859515396"";""51400"")",TPU 95A HF,Yellow,https://store.bblcdn.eu/s8/default/a2df175f431f48d09753189e9f6bd381/TPUHF_4.png
"=HYPERLINK(""https://eu.store.bambulab.com/products/tpu-95a-hf?variant=593616967859515397"";""51600"")",TPU 95A HF,Blue,https://store.bblcdn.eu/s8/default/9f817107fad0475783e5a6c0076f239b/TPUHF_6.png
"=HYPERLINK(""https://eu.store.bambulab.com/products/tpu-95a-hf?variant=593616967859515398"";""51200"")",TPU 95A HF,Red,https://store.bblcdn.eu/s8/default/f8f223f9d4d44bbc856145e4b8329965/TPUHF_3.png
"=HYPERLINK(""https://eu.store.bambulab.com/products/tpu-95a-hf?variant=593616967859515399"";""51100"")",TPU 95A HF,Black,https://store.bblcdn.eu/s8/default/2ef8657197de4f779670f1d5c29d2d6e/TPUHF_2.png
"=HYPERLINK(""https://eu.store.bambulab.com/products/tpu-85a-tpu-90a?variant=593614659620777987"";""51900"")",TPU 85A / TPU 90A,Frozen,https://store.bblcdn.eu/s8/default/1e1048e6c51a40baaec67935567df949/TPU_90_Frozen.jpg
"=HYPERLINK(""https://eu.store.bambulab.com/products/tpu-85a-tpu-90a?variant=593614659620777988"";""51901"")",TPU 85A / TPU 90A,Blaze,https://store.bblcdn.eu/s8/default/ac8b16c76ee44b50adc7e812d9a6d227/TPU_90_Blaze.jpg
"=HYPERLINK(""https://eu.store.bambulab.com/products/tpu-85a-tpu-90a?variant=593614659620777989"";""51103"")",TPU 85A / TPU 90A,Black,https://store.bblcdn.eu/s8/default/4226afe319284c829f403eebd47c379e/TPU_90_BK.png
"=HYPERLINK(""https://eu.store.bambulab.com/products/tpu-85a-tpu-90a?variant=593614659620777990"";""51105"")",TPU 85A / TPU 90A,White,https://store.bblcdn.eu/s8/default/1eeceedbdb53455aa251f4d32daa0017/TPU_90_White.jpg
"=HYPERLINK(""https://eu.store.bambulab.com/products/tpu-85a-tpu-90a?variant=593614659620777991"";""51500"")",TPU 85A / TPU 90A,Light Cyan,https://store.bblcdn.eu/s8/default/2077996651f24854be2961775f311286/TPU_85_Cyan.jpg
"=HYPERLINK(""https://eu.store.bambulab.com/products/tpu-85a-tpu-90a?variant=593614659620777992"";""51305"")",TPU 85A / TPU 90A,Neon Orange,https://store.bblcdn.eu/s8/default/6ee88b1694a140b6bb0ffa1ac3d38f8d/TPU_85_Orange.jpg
"=HYPERLINK(""https://eu.store.bambulab.com/products/tpu-85a-tpu-90a?variant=682714606946189312"";""51700"")",TPU 85A / TPU 90A,Grape Jelly,https://store.bblcdn.eu/s8/default/14c747cef36040bda1a8f7caffaa48cf/grape_jelly.jpg
"=HYPERLINK(""https://eu.store.bambulab.com/products/tpu-85a-tpu-90a?variant=682714606946189313"";""51601"")",TPU 85A / TPU 90A,Crystal Blue,https://store.bblcdn.eu/s8/default/0c15199091134d2f92c0ea8ee90a5e51/Crystal_Blue.jpg
"=HYPERLINK(""https://eu.store.bambulab.com/products/tpu-85a-tpu-90a?variant=682714606946189314"";""51800"")",TPU 85A / TPU 90A,Cocoa Brown,https://store.bblcdn.eu/s8/default/8ab92eac89be46ed872419cd6a0ec0a1/Cocoa_Brown.jpg
"=HYPERLINK(""https://eu.store.bambulab.com/products/tpu-85a-tpu-90a?variant=682714606946189315"";""51107"")",TPU 85A / TPU 90A,Black,https://store.bblcdn.eu/s8/default/2e5453e39da34b45b5d8e6d54ae7fcf4/BLACK.jpg
"=HYPERLINK(""https://eu.store.bambulab.com/products/tpu-85a-tpu-90a?variant=682714606946189316"";""51201"")",TPU 85A / TPU 90A,Flesh,https://store.bblcdn.eu/s8/default/5c2b2d6f888c4340aff00c078acd0db3/flesh.jpg
"=HYPERLINK(""https://eu.store.bambulab.com/products/tpu-85a-tpu-90a?variant=682714606946189317"";""51501"")",TPU 85A / TPU 90A,Lime Green,https://store.bblcdn.eu/s8/default/e1f3d4ef598b42a2995f220718893d32/lime_green_(2).jpg
"=HYPERLINK(""https://eu.store.bambulab.com/products/pla-cf?variant=593617632761556995"";""14500"")",PLA-CF,Matcha Green,https://store.bblcdn.eu/s8/default/6c62179718bc473c94f3e629543e001b/c0f99c4f6c04f5422dcd8db2da060392.png
"=HYPERLINK(""https://eu.store.bambulab.com/products/pla-cf?variant=593617632761556996"";""14200"")",PLA-CF,Burgundy Red,https://store.bblcdn.eu/s8/default/fb7d3357a1f2448fbf7ee228403836c6/a607d88492630a4fc0e1169570fcd150.png
"=HYPERLINK(""https://eu.store.bambulab.com/products/pla-cf?variant=593617632761556997"";""14600"")",PLA-CF,Jeans Blue,https://store.bblcdn.eu/s8/default/17c7bab7e34442779bcd8b1a22d05a31/5330081a75ef62e73afe0929195b72b8.png
"=HYPERLINK(""https://eu.store.bambulab.com/products/pla-cf?variant=593617632761556998"";""14101"")",PLA-CF,Lava Gray,https://store.bblcdn.eu/s8/default/471d503abb5548aa8a14f6488ff44521/83c1bc164a2861ecc083568a0b017ba0.png
"=HYPERLINK(""https://eu.store.bambulab.com/products/pla-cf?variant=593617632761556999"";""14100"")",PLA-CF,Black,https://store.bblcdn.eu/s8/default/9b5332fbd84e4dbabe435ca440a0469e/PLA-CFBlack.jpg
"=HYPERLINK(""https://eu.store.bambulab.com/products/pla-cf?variant=593617632761557000"";""14601"")",PLA-CF,Royal Blue,https://store.bblcdn.eu/s8/default/c627f77676e64754aa1c39204169ba66/20250710-180051.jpg
"=HYPERLINK(""https://eu.store.bambulab.com/products/pla-cf?variant=593617632761557001"";""14700"")",PLA-CF,Iris Purple,https://store.bblcdn.eu/s8/default/cdff4f83dd1445358f97cf61e7b20f49/PLA-CFIrisPurple.png
"=HYPERLINK(""https://eu.store.bambulab.com/products/petg-cf?variant=593615963831218179"";""31700"")",PETG-CF,Violet Purple,https://store.bblcdn.eu/s8/default/7e67cea6705a4709a7452e1b0fb113e4/PETG-CFpurp_37ad5532-5d64-4eb9-90b0-d183f2511e9e.png
"=HYPERLINK(""https://eu.store.bambulab.com/products/petg-cf?variant=593615963831218180"";""31500"")",PETG-CF,Malachite Green,https://store.bblcdn.eu/s8/default/7af488e27ef4497f9c95b7a163e894a5/PETG-CFgreen.png
"=HYPERLINK(""https://eu.store.bambulab.com/products/petg-cf?variant=593615963831218181"";""31600"")",PETG-CF,Indigo Blue,https://store.bblcdn.eu/s8/default/8a5d906e6f87465bb8145dbf2a0e4d91/PETG-CFblue.png
"=HYPERLINK(""https://eu.store.bambulab.com/products/petg-cf?variant=593615963831218182"";""31100"")",PETG-CF,Black,https://store.bblcdn.eu/s8/default/bbd4bfa0fdc94a689e0604a216e4c892/PETG-CF.png
"=HYPERLINK(""https://eu.store.bambulab.com/products/petg-cf?variant=593615963831218183"";""31101"")",PETG-CF,Titan Gray,https://store.bblcdn.eu/s8/default/54bad3d608524461a7866c714fd3cb25/20231023-105314.png
"=HYPERLINK(""https://eu.store.bambulab.com/products/petg-cf?variant=593615963831218184"";""31200"")",PETG-CF,Brick Red,https://store.bblcdn.eu/s8/default/d4fba5da57a24ad48c0ec21b4954172d/PETG-CFred.png
"=HYPERLINK(""https://eu.store.bambulab.com/products/abs-gf?variant=593608094457081856"";""41300"")",ABS-GF,Orange,https://store.bblcdn.eu/s8/default/f10c8381233a457abfd61dd3c8bf5554/JP36183.png
"=HYPERLINK(""https://eu.store.bambulab.com/products/abs-gf?variant=593608094457081858"";""41200"")",ABS-GF,Red,https://store.bblcdn.eu/s8/default/6f75a6f6de344df6993108d0bc88a647/JP36182.png
"=HYPERLINK(""https://eu.store.bambulab.com/products/abs-gf?variant=593608094457081860"";""41600"")",ABS-GF,Blue,https://store.bblcdn.eu/s8/default/d4e87d6fc8b642ca838fab31ac2dac1e/ABSgfblue.png
"=HYPERLINK(""https://eu.store.bambulab.com/products/abs-gf?variant=593608094457081861"";""41100"")",ABS-GF,White,https://store.bblcdn.eu/s8/default/b85f799b443c4563be784648f19f29ad/JP36193.png
"=HYPERLINK(""https://eu.store.bambulab.com/products/abs-gf?variant=593608094457081862"";""41102"")",ABS-GF,Gray,https://store.bblcdn.eu/s8/default/058176d776494454a8a8afb2b4b8dbcb/JP36190.png
"=HYPERLINK(""https://eu.store.bambulab.com/products/abs-gf?variant=593608094457081863"";""41101"")",ABS-GF,Black,https://store.bblcdn.eu/s8/default/bf92838cd0584d3e9c806c16bf683127/JP36181.png
"=HYPERLINK(""https://eu.store.bambulab.com/products/pa6-gf?variant=593616642016620546"";""72600"")",PA6-GF,Blue,https://store.bblcdn.eu/s8/default/206b1f9df0a64848becdf721b2541936/JP35952.jpg
"=HYPERLINK(""https://eu.store.bambulab.com/products/pa6-gf?variant=593616642016620547"";""72200"")",PA6-GF,Orange,https://store.bblcdn.eu/s8/default/933a1cff64f84d30ac1f1b9455c21efa/JP35945.jpg
"=HYPERLINK(""https://eu.store.bambulab.com/products/pa6-gf?variant=593616642016620548"";""72400"")",PA6-GF,Yellow,https://store.bblcdn.eu/s8/default/94579d760ea34a68b20b1ad614ee84f2/JP35959_1.jpg
"=HYPERLINK(""https://eu.store.bambulab.com/products/pa6-gf?variant=593616642016620549"";""72500"")",PA6-GF,Lime,https://store.bblcdn.eu/s8/default/26f6a5f2ea7f43328262e3ba447c0d59/JP35966.jpg
"=HYPERLINK(""https://eu.store.bambulab.com/products/pa6-gf?variant=593616642016620550"";""72800"")",PA6-GF,Brown,https://store.bblcdn.eu/s8/default/c85ca4b7d0904b53a9665a54ca2e5a65/JP35969.jpg
"=HYPERLINK(""https://eu.store.bambulab.com/products/pa6-gf?variant=593616642016620551"";""72102"")",PA6-GF,White,https://store.bblcdn.eu/s8/default/e0a5bfb6c5174ffd8c79ef3108341610/JP35967.jpg
"=HYPERLINK(""https://eu.store.bambulab.com/products/pa6-gf?variant=593616642016620552"";""72103"")",PA6-GF,Gray,https://store.bblcdn.eu/s8/default/e86744bd786e49d9a47436ae6bc49bfa/JP35971c.jpg
"=HYPERLINK(""https://eu.store.bambulab.com/products/pa6-gf?variant=593616642016620553"";""72104"")",PA6-GF,Black,https://store.bblcdn.eu/s8/default/13c298ef0394493faae6e291be708252/JP35970c.jpg
"=HYPERLINK(""https://eu.store.bambulab.com/products/pa6-cf?variant=593615735866601475"";""72100"")",PA6-CF,Black,https://store.bblcdn.eu/s8/default/a73fe23577b84ea58c333a714eae4cad/PA6-CF.png
"=HYPERLINK(""https://eu.store.bambulab.com/products/paht-cf?variant=593617213410848771"";""70100"")",PAHT-CF,Black,https://store.bblcdn.eu/s8/default/1adca385b4fd4502b492ed2651908f51/PAHTCFORIGINAL.png
"=HYPERLINK(""https://eu.store.bambulab.com/products/pet-cf?variant=593612395476758531"";""71100"")",PET-CF,Black,https://store.bblcdn.eu/s8/default/c69a75229e824ec2a92b2e37f8510b01/pet-cr.png
"=HYPERLINK(""https://eu.store.bambulab.com/products/pc-filament?variant=593613033543643138"";""60103"")",PC,Transparent,https://store.bblcdn.eu/s8/default/c6edead629b04fb48155d9e665c1e7d3/C00-C1-1.75-1000-spl.png
"=HYPERLINK(""https://eu.store.bambulab.com/products/pc-filament?variant=593613033543643139"";""60102"")",PC,Clear Black,https://store.bblcdn.eu/s8/default/45c9fab272e944c0b6244e0462245776/PC_Clear-Black_v2.png
"=HYPERLINK(""https://eu.store.bambulab.com/products/pc-filament?variant=593613033543643140"";""60101"")",PC,Black,https://store.bblcdn.eu/s8/default/e86f0a58cdad4c54b964eda65cc2a03b/PCBlack.png
"=HYPERLINK(""https://eu.store.bambulab.com/products/pc-filament?variant=593613033543643141"";""60100"")",PC,White,https://store.bblcdn.eu/s8/default/6c0a68b41caa409683a12e1af1de0c14/PC_White_1.jpg
"=HYPERLINK(""https://eu.store.bambulab.com/products/pc-fr?variant=593613054418694146"";""63100"")",PC FR,Black,https://store.bblcdn.eu/s8/default/d327d3a6a0514c6093a376e61551c11c/3_2bfbabcc-c211-415c-926b-f5891b308048.jpg
"=HYPERLINK(""https://eu.store.bambulab.com/products/pc-fr?variant=593613054418694147"";""63101"")",PC FR,White,https://store.bblcdn.eu/s8/default/66205de6aea94b9e8d7a6292d3e7edba/2_65a3ddbd-13a9-444c-9ec8-7707acb88a62.jpg
"=HYPERLINK(""https://eu.store.bambulab.com/products/pc-fr?variant=593613054418694148"";""63102"")",PC FR,Gray,https://store.bblcdn.eu/s8/default/bb78ed96a8354b35942df858bd4b64a0/1_a71ee34c-988e-42db-b355-224daf27e489.jpg
